CostCentreCode, CostCentreTypeId, DateCreated, DateLastUpdated, DiscountGroupMasterId, IsApproved, Latitude, Longitude, MasterId, Name, OutletCategoryMasterId, OutletProductPricingTierMasterId, OutletTypeMasterId, ParentCostCentreId, RouteMasterId, SpecialPricingTierMasterId, StatusId, VatClassMasterId
'O001', 5, '2015-03-17 16:52:56', '2015-03-17 16:52:56', NULL, 1, '-1.29308', '36.78674', '99b4d22d-c81e-4f42-b84a-a7f89ef8c807', 'Yaya Duka', '9fb1685c-d006-4c9a-ae4c-53ff3ade83ca', 'b35bbc5c-c222-4357-9b74-570836028bdb', 'c1ce8484-ac0f-4459-b47d-5b5076cda17c', 'dcf2754b-6323-4d09-acf1-44676834d678', '4f691eb5-7ff0-4b0f-a15e-7c93b26f0e30', 'b35bbc5c-c222-4357-9b74-570836028bdb', 1, '1cdd7dbd-cf1a-46ce-b3a8-a5589b542261'
'O002', 5, '2015-03-17 16:52:56', '2015-03-17 16:52:56', 'dd400f43-7ec7-4a77-bc7c-80c45bfa4a07', 1, '-1.29308', '36.75648', '88fcb828-7e0b-49cc-9de4-a4a7046deb2b', 'Town Shop', '9fb1685c-d006-4c9a-ae4c-53ff3ade83ca', 'b35bbc5c-c222-4357-9b74-570836028bdb', 'c1ce8484-ac0f-4459-b47d-5b5076cda17c', 'dcf2754b-6323-4d09-acf1-44676834d678', '4f691eb5-7ff0-4b0f-a15e-7c93b26f0e30',NULL, 1, '1cdd7dbd-cf1a-46ce-b3a8-a5589b542261'
'O003', 5, '2015-03-17 16:52:56', '2015-03-17 16:52:56', NULL, 1, '-1.29308', '36.74649', '043b748e-97c8-40af-ad0c-14b7326e49e8', 'Eastleight Supermarket', '9fb1685c-d006-4c9a-ae4c-53ff3ade83ca', 'b35bbc5c-c222-4357-9b74-570836028bdb', 'c1ce8484-ac0f-4459-b47d-5b5076cda17c', 'dcf2754b-6323-4d09-acf1-44676834d678', '4f691eb5-7ff0-4b0f-a15e-7c93b26f0e30',NULL, 1, '1cdd7dbd-cf1a-46ce-b3a8-a5589b542261'
'O004', 5, '2015-03-17 16:52:56', '2015-03-17 16:52:56', NULL, 1, '-1.29308', '36.72649', '7a51d1ca-e9ee-4bf9-a475-cf4d43d437c3', 'Kiambu Mall', '9fb1685c-d006-4c9a-ae4c-53ff3ade83ca', 'b35bbc5c-c222-4357-9b74-570836028bdb', 'c1ce8484-ac0f-4459-b47d-5b5076cda17c', 'dcf2754b-6323-4d09-acf1-44676834d678', '4f691eb5-7ff0-4b0f-a15e-7c93b26f0e30', NULL, 1, '1cdd7dbd-cf1a-46ce-b3a8-a5589b542261'
'O005', 5, '2015-03-17 16:52:56', '2015-03-17 16:52:56', NULL, 1, '-1.29308', '36.70649', '662d0408-9272-4c56-84e6-c84975968588', 'Ngara Hotel', '9fb1685c-d006-4c9a-ae4c-53ff3ade83ca', 'b35bbc5c-c222-4357-9b74-570836028bdb', 'c1ce8484-ac0f-4459-b47d-5b5076cda17c', 'dcf2754b-6323-4d09-acf1-44676834d678', '4f691eb5-7ff0-4b0f-a15e-7c93b26f0e30', NULL, 1, '1cdd7dbd-cf1a-46ce-b3a8-a5589b542261'
