Code, DateCreated, DateLastUpdated, Description, MasterId, Name, ProductBrandMasterId, StatusId
'1106', '2015-03-17 16:52:54', '2015-03-17 16:52:54', 'Fanta Passion ', 'c6e3f020-8029-456b-a579-a06d5171f839', 'Fanta Passion', '92f5fe04-411a-4dad-814d-1b5ac4a5b4fe', 1
'1107', '2015-03-17 16:52:54', '2015-03-17 16:52:54', 'Krest', 'e09210e3-37c9-40b7-b971-0760db895aa8', 'Krest', '92f5fe04-411a-4dad-814d-1b5ac4a5b4fe', 1
'006', '2015-03-17 16:52:55', '2015-03-17 16:52:55', 'Fanta Black Currant', '10ddf42a-8d6c-4fd4-bb8c-0e3be4d47553', 'Fanta Black Currant', '4fb70310-6935-4e00-9fd2-aab74a735962', 1
'014', '2015-03-17 16:52:55', '2015-03-17 16:52:55', 'Fanta Citrus ', '0ac41163-3558-4d0d-a65f-756e387f1acb', 'Fanta Citrus ', '0d61d124-e4ba-4f3c-b346-3a71e0102d39', 1
'016', '2015-03-17 16:52:55', '2015-03-17 16:52:55', 'Coca Cola', '4be89c8a-f079-4e42-b223-a501aa04f093', 'Coca Cola ', '2a327a81-895a-412b-92c8-d03b827230e6', 1
'074', '2015-03-17 16:52:55', '2015-03-17 16:52:55', 'Dasani Still', '4dcd004e-5619-4b42-8689-2da65df8b9d0', 'Dasani Still', 'cd218344-22fc-4d23-a667-245f13d350be', 1
