Code, DateCreated, DateLastUpdated, Description, MasterId, Name, StatusId, SupplierMasterId
'1002', '2015-03-17 16:52:54', '2015-03-17 16:52:54', 'Bibo Groupd', '92f5fe04-411a-4dad-814d-1b5ac4a5b4fe', 'Bibo Groupd', 1, '132b48a6-f3ff-43ec-a5b6-ef22083adbb8'
'002', '2015-03-17 16:52:55', '2015-03-17 16:52:55', 'Bibo Group', '4fb70310-6935-4e00-9fd2-aab74a735962', 'Bibo Group', 1, '132b48a6-f3ff-43ec-a5b6-ef22083adbb8'
'007', '2015-03-17 16:52:55', '2015-03-17 16:52:55', 'Fanta Group', '0d61d124-e4ba-4f3c-b346-3a71e0102d39', 'Fanta Group', 1, '132b48a6-f3ff-43ec-a5b6-ef22083adbb8'
'005', '2015-03-17 16:52:55', '2015-03-17 16:52:55', 'Colas Group', '2a327a81-895a-412b-92c8-d03b827230e6', 'Colas Group', 1, '132b48a6-f3ff-43ec-a5b6-ef22083adbb8'
'030', '2015-03-17 16:52:55', '2015-03-17 16:52:55', 'Dasani Group', 'cd218344-22fc-4d23-a667-245f13d350be', 'Dasani Group', 1, '132b48a6-f3ff-43ec-a5b6-ef22083adbb8'
