Code, ContainmentMasterId, DateCreated, DateLastUpdated, Description, MasterId, Name, ReturnableProductMasterId, StatusId
'001', NULL, '2015-03-17 16:52:54', '2015-03-17 16:52:54', 'Fanta 300ml 24RB0', 'adb4f216-0456-40ba-8031-13f1bb7220a4', 'Fanta 300ml 24RB0', NULL, 1
'003', NULL, '2015-03-17 16:52:55', '2015-03-17 16:52:55', 'Krest 300ml 24RB0', '6e9de453-a2d6-48dd-a8b4-5a606f689b7a', 'Krest 300ml 24RB0', NULL, 1
'002', NULL, '2015-03-17 16:52:55', '2015-03-17 16:52:55', 'Fantha 3007ml 245RB0', '517cf282-6f41-4b03-8425-aa2605113b89', 'Fantadd 300mlll 247RB0', '726389e6-54f9-4249-a3d1-36b5bc9385ae', 1
'002', NULL, '2015-03-17 16:52:55', '2015-03-17 16:52:55', '300ml RGBx24', 'cacc173f-e881-4aca-8f49-4a84effa1800', 'Coke 300ml 24RB', NULL, 1
'003', NULL, '2015-03-17 16:52:55', '2015-03-17 16:52:55', '1500ml Dasani', '88371b86-e52c-4b79-87b9-76f03d536016', '1500ml Dasani ', NULL, 1
'004', NULL, '2015-03-17 16:52:55', '2015-03-17 16:52:55', '1L RGB', '66c01e40-b32b-4185-b9d9-32d3f4c54ade', '1L RGB', NULL, 1
'005', NULL, '2015-03-17 16:52:55', '2015-03-17 16:52:55', '300ml RGB', 'd8f7da2f-433d-4fca-912f-6a10db3d8da9', '300ml RGB', NULL, 1
