Capacity, DateCreated, DateLastUpdated, Description, ExFactoryPrice, MasterId, ProductBrandMasterId, ProductCode, ProductFlavourMasterId, ProductPackagingMasterId, ProductPackagingTypeMasterId, ReturnableProductMasterId, ReturnableTypeMasterId, StatusId, VatClassMasterId
24, '2015-03-17 16:52:55', '2015-03-17 16:52:55', '300ml Fanta  Crate', 45.00, '726389e6-54f9-4249-a3d1-36b5bc9385ae', '92f5fe04-411a-4dad-814d-1b5ac4a5b4fe', 'RP002', 'c6e3f020-8029-456b-a579-a06d5171f839', NULL, 'b90aa024-d776-44a3-aa12-1ee8a2d95a02', NULL, NULL, 1, NULL
1, '2015-03-17 16:52:55', '2015-03-17 16:52:55', '300ml Fanta  Bottle', 50.00, '1a193b70-ef01-4047-b4cf-5a66f4fb077f', '92f5fe04-411a-4dad-814d-1b5ac4a5b4fe', 'RP003', 'c6e3f020-8029-456b-a579-a06d5171f839', 'adb4f216-0456-40ba-8031-13f1bb7220a4', 'b90aa024-d776-44a3-aa12-1ee8a2d95a02', '726389e6-54f9-4249-a3d1-36b5bc9385ae', NULL , 1, NULL
1, '2015-03-17 16:52:55', '2015-03-17 16:52:55', '300ml Krest  Bottle', 60.00, '3c727b08-2362-41d0-930b-537220db912f', '92f5fe04-411a-4dad-814d-1b5ac4a5b4fe', 'RP004', 'e09210e3-37c9-40b7-b971-0760db895aa8', '6e9de453-a2d6-48dd-a8b4-5a606f689b7a', 'b90aa024-d776-44a3-aa12-1ee8a2d95a02', '726389e6-54f9-4249-a3d1-36b5bc9385ae', NULL, 1, NULL
1, '2015-03-17 16:52:55', '2015-03-17 16:52:55', '300ml RGBx24-Sprite  300ml 24 RB', 78.00, 'df29abba-3e38-425b-ab5d-efe946fad724', '4fb70310-6935-4e00-9fd2-aab74a735962', 'RP001', '10ddf42a-8d6c-4fd4-bb8c-0e3be4d47553', 'cacc173f-e881-4aca-8f49-4a84effa1800', '6c4a9f96-ad3a-498e-8471-7fb84b134f96', '726389e6-54f9-4249-a3d1-36b5bc9385ae', NULL, 1, NULL
