ContainerCapacity, DateCreated, DateLastUpdated, Description, ExFactoryPrice, MasterId, ProductBrandMasterId, ProductCode, ProductFlavourMasterId, ProductPackagingMasterId, ProductPackagingTypeMasterId, ProductTypeMasterId, ReturnableContainerMasterId, ReturnableProductMasterId, ReturnableTypeMasterId, StatusId, VatClassMasterId
24, '2015-03-17 16:52:55', '2015-03-17 16:52:55', '300ml Fanta Passion', 10.00, 'f3e2e11c-0356-4607-b1db-2afbbb1d2173', '92f5fe04-411a-4dad-814d-1b5ac4a5b4fe', 'SP004', 'c6e3f020-8029-456b-a579-a06d5171f839', 'adb4f216-0456-40ba-8031-13f1bb7220a4', 'b90aa024-d776-44a3-aa12-1ee8a2d95a02', '02214373-1a87-43c3-ba30-81b91392a310', '726389e6-54f9-4249-a3d1-36b5bc9385ae', '1a193b70-ef01-4047-b4cf-5a66f4fb077f', NULL , 1, NULL
24, '2015-03-17 16:52:55', '2015-03-17 16:52:55', '300ml Krest', 12.00, 'e97db226-103a-4334-9455-0690bdbacbeb', '92f5fe04-411a-4dad-814d-1b5ac4a5b4fe', 'SP005', 'e09210e3-37c9-40b7-b971-0760db895aa8', '6e9de453-a2d6-48dd-a8b4-5a606f689b7a', 'b90aa024-d776-44a3-aa12-1ee8a2d95a02', '02214373-1a87-43c3-ba30-81b91392a310', '726389e6-54f9-4249-a3d1-36b5bc9385ae', '3c727b08-2362-41d0-930b-537220db912f', NULL, 1, NULL
24, '2015-03-17 16:52:55', '2015-03-17 16:52:55', '300ml RGBx24-Fanta Citrus 300ml 24 RB', 56.00, '2c08fbcb-10f5-414a-a6f8-bc7dff2c4704', '0d61d124-e4ba-4f3c-b346-3a71e0102d39', 'SP001', '0ac41163-3558-4d0d-a65f-756e387f1acb', 'd8f7da2f-433d-4fca-912f-6a10db3d8da9', '6c4a9f96-ad3a-498e-8471-7fb84b134f96', '0e911143-ca6d-416b-a1ac-eeb9c593d9c0', '726389e6-54f9-4249-a3d1-36b5bc9385ae', '1a193b70-ef01-4047-b4cf-5a66f4fb077f', NULL, 1, NULL 
24, '2015-03-17 16:52:55', '2015-03-17 16:52:55', 'Coke 300ml 24 RB', 89.00, '08f2706a-de1a-49a7-b105-f655d5a1b550', '2a327a81-895a-412b-92c8-d03b827230e6', 'SP002', '4be89c8a-f079-4e42-b223-a501aa04f093', 'd8f7da2f-433d-4fca-912f-6a10db3d8da9', '6c4a9f96-ad3a-498e-8471-7fb84b134f96', '0e911143-ca6d-416b-a1ac-eeb9c593d9c0', '726389e6-54f9-4249-a3d1-36b5bc9385ae', '1a193b70-ef01-4047-b4cf-5a66f4fb077f', NULL , 1, NULL
24, '2015-03-17 16:52:55', '2015-03-17 16:52:55', 'Dasani Water still 1.5l 12 s/w', 45.00, 'ebc3d557-4d6f-4b32-84ff-d45ec4eabf2e', 'cd218344-22fc-4d23-a667-245f13d350be', 'SP003', '4dcd004e-5619-4b42-8689-2da65df8b9d0', '88371b86-e52c-4b79-87b9-76f03d536016', '6c4a9f96-ad3a-498e-8471-7fb84b134f96', 'c104fa34-291e-445e-9875-809eff56dc22', '726389e6-54f9-4249-a3d1-36b5bc9385ae', '1a193b70-ef01-4047-b4cf-5a66f4fb077f', NULL, 1, NULL 
