Code, DateCreated, DateLastUpdated, Description, Latitude, Longitude, MasterId, Name, OutletId, PhysicalAddress, PostalAddress, StatusId
'', '2015-03-17 16:52:56', '2015-03-17 16:52:56', '', 0.0000, 0.0000, 'b2f4fa6e-d9bf-41f6-8c68-56be521ddeb2', 'Yaya DukaShipTo1', '99b4d22d-c81e-4f42-b84a-a7f89ef8c807', 'Address1', 'PO Box 1', 1
'', '2015-03-17 16:52:56', '2015-03-17 16:52:56', '', 0.0000, 0.0000, '3ae2752b-ce82-46cc-9274-8e92d42866cd', 'Yaya DukaShipTo2', '99b4d22d-c81e-4f42-b84a-a7f89ef8c807', 'Address2', 'PO Box 2', 1
'', '2015-03-17 16:52:56', '2015-03-17 16:52:56', '', 0.0000, 0.0000, 'e2afa333-970e-4a6f-be04-5376dea1b1c7', 'Town ShopShipTo1', '88fcb828-7e0b-49cc-9de4-a4a7046deb2b', 'Address1', 'PO Box 1', 1
'', '2015-03-17 16:52:56', '2015-03-17 16:52:56', '', 0.0000, 0.0000, '2ffa2317-4b3b-4633-a67f-53e2f8133a19', 'Town ShopShipTo2', '88fcb828-7e0b-49cc-9de4-a4a7046deb2b', 'Address2', 'PO Box 2', 1
'', '2015-03-17 16:52:56', '2015-03-17 16:52:56', '', 0.0000, 0.0000, 'c301d3b3-0c5d-4bbb-9e46-64cce946e42f', 'Eastleight SupermarketShipTo1', '043b748e-97c8-40af-ad0c-14b7326e49e8', 'Address1', 'PO Box 1', 1
'', '2015-03-17 16:52:56', '2015-03-17 16:52:56', '', 0.0000, 0.0000, '3ea8cee1-f54f-4ea7-919d-d0224e582234', 'Eastleight SupermarketShipTo2', '043b748e-97c8-40af-ad0c-14b7326e49e8', 'Address2', 'PO Box 2', 1
'', '2015-03-17 16:52:56', '2015-03-17 16:52:56', '', 0.0000, 0.0000, 'a572b146-cd19-4a81-96db-29523367e0ff', 'Kiambu MallShipTo2', '7a51d1ca-e9ee-4bf9-a475-cf4d43d437c3', 'Address2', 'PO Box 2', 1
'', '2015-03-17 16:52:56', '2015-03-17 16:52:56', '', 0.0000, 0.0000, '601fb60b-fbba-4135-bb33-881530a07d71', 'Kiambu MallShipTo1', '7a51d1ca-e9ee-4bf9-a475-cf4d43d437c3', 'Address1', 'PO Box 1', 1
'', '2015-03-17 16:52:56', '2015-03-17 16:52:56', '', 0.0000, 0.0000, 'f0af6f1e-dd6b-48f2-8eba-01637a91d00b', 'Ngara HotelShipTo2', '662d0408-9272-4c56-84e6-c84975968588', 'Address2', 'PO Box 2', 1
'', '2015-03-17 16:52:56', '2015-03-17 16:52:56', '', 0.0000, 0.0000, '6ec73a45-c299-4fff-abe6-2187f2ebdea0', 'Ngara HotelShipTo1', '662d0408-9272-4c56-84e6-c84975968588', 'Address1', 'PO Box 1', 1
